subject,algorithm,n_genuine,n_impostor,features,eer,far_at_eer,frr_at_eer,auc,train_time_s,infer_time_ms
s002,RandomForest,100,250,31,0.07599999999999998,0.072,0.07999999999999996,0.984,0.37898564000206536,0.6267540000304247
s002,GradientBoosting,100,250,31,0.07999999999999999,0.08,0.07999999999999996,0.9786,1.6019621000014013,0.013010571440515506
s002,SVM_RBF,100,250,31,0.07599999999999998,0.072,0.07999999999999996,0.9792400000000001,0.014185119999456219,0.020775428586473153
s002,kNN_Manhattan,100,250,31,0.08200000000000002,0.104,0.06000000000000005,0.9638800000000001,0.001994179999746848,5.55263999995077
s002,LogReg,100,250,31,0.131,0.132,0.13,0.9341600000000001,0.009581959998467938,0.006267142868767094
s002,MLP,100,250,31,0.08899999999999998,0.088,0.08999999999999997,0.9741200000000001,0.4388409999999567,0.007541428557098178
s002,OneClassSVM,100,250,31,0.103,0.096,0.10999999999999999,0.96,0.0009890399989672006,0.008638285695009733
s002,ProfileMatcher_GP,100,250,31,0.08199999999999999,0.084,0.07999999999999996,0.97784,0.0,15.018280571343244
s003,RandomForest,100,250,31,0.03600000000000002,0.032,0.040000000000000036,0.9944799999999999,0.45688544000004183,0.7294751428500084
s003,GradientBoosting,100,250,31,0.04100000000000002,0.032,0.050000000000000044,0.9439799999999999,1.559721720001835,0.012299999985511281
s003,SVM_RBF,100,250,31,0.03800000000000002,0.036,0.040000000000000036,0.98676,0.007862119999481365,0.012479428592736699
s003,kNN_Manhattan,100,250,31,0.02600000000000001,0.032,0.020000000000000018,0.9916400000000001,0.0007510600000387058,0.010166857142134436
s003,LogReg,100,250,31,0.04900000000000002,0.048,0.050000000000000044,0.98468,0.006765899997844826,0.004132285705834095
s003,MLP,100,250,31,0.04000000000000002,0.04,0.040000000000000036,0.98984,0.25191047999978766,0.004662000012883385
s003,OneClassSVM,100,250,31,0.10699999999999998,0.104,0.10999999999999999,0.9437999999999999,0.0006477799994172529,0.0060325714210713545
s003,ProfileMatcher_GP,100,250,31,0.04400000000000002,0.048,0.040000000000000036,0.9900800000000001,0.0,9.103960856944989
s004,RandomForest,100,250,31,0.06899999999999998,0.068,0.06999999999999995,0.97976,0.4535437599988654,0.667286857122755
s004,GradientBoosting,100,250,31,0.07799999999999999,0.076,0.07999999999999996,0.97672,1.712863500000094,0.012876857134480293
s004,SVM_RBF,100,250,31,0.04000000000000002,0.04,0.040000000000000036,0.99172,0.008197839999047574,0.01297142857635793
s004,kNN_Manhattan,100,250,31,0.031000000000000003,0.052,0.010000000000000009,0.98556,0.000846499997715,0.010640571417752652
s004,LogReg,100,250,31,0.09999999999999999,0.1,0.09999999999999998,0.9745599999999999,0.006938939999963622,0.005347999976947904
s004,MLP,100,250,31,0.04100000000000002,0.032,0.050000000000000044,0.992,0.2860582399996929,0.006537428583085004
s004,OneClassSVM,100,250,31,0.11099999999999999,0.112,0.10999999999999999,0.94984,0.0005970199999865144,0.006315428555743502
s004,ProfileMatcher_GP,100,250,31,0.05100000000000002,0.052,0.050000000000000044,0.99444,0.0,9.569277142810668
s005,RandomForest,100,250,31,0.028000000000000008,0.036,0.020000000000000018,0.9986400000000001,0.4253040999989025,0.6626825713984934
s005,GradientBoosting,100,250,31,0.04400000000000002,0.048,0.040000000000000036,0.9873200000000001,1.4909169999984442,0.01184342857283939
s005,SVM_RBF,100,250,31,0.05500000000000002,0.06,0.050000000000000044,0.9795200000000001,0.006806820000929292,0.01025542857990201
s005,kNN_Manhattan,100,250,31,0.02100000000000001,0.012,0.030000000000000027,0.99192,0.0013052800015429967,0.015124857142966772
s005,LogReg,100,250,31,0.06899999999999998,0.068,0.06999999999999995,0.982,0.006846359997871332,0.004541999993047544
s005,MLP,100,250,31,0.03800000000000002,0.036,0.040000000000000036,0.9925200000000001,0.20253446000133407,0.004708571421880541
s005,OneClassSVM,100,250,31,0.07799999999999999,0.076,0.07999999999999996,0.9561999999999999,0.0005217400001129135,0.004721999950041729
s005,ProfileMatcher_GP,100,250,31,0.031000000000000014,0.032,0.030000000000000027,0.99364,0.0,10.766005142961928
s007,RandomForest,100,250,31,0.07999999999999999,0.08,0.07999999999999996,0.9834799999999999,0.5258123599982355,0.7069631428333065
s007,GradientBoosting,100,250,31,0.10199999999999998,0.104,0.09999999999999998,0.93814,1.5968565600007423,0.01107571428292431
s007,SVM_RBF,100,250,31,0.03800000000000002,0.036,0.040000000000000036,0.99404,0.007394139998359606,0.011233714259495693
s007,kNN_Manhattan,100,250,31,0.029000000000000012,0.028,0.030000000000000027,0.99212,0.0007546199994976632,0.010021142848667555
s007,LogReg,100,250,31,0.04900000000000002,0.048,0.050000000000000044,0.98176,0.006440079999447334,0.004098857129325292
s007,MLP,100,250,31,0.05100000000000002,0.052,0.050000000000000044,0.9898000000000001,0.2962925599989831,0.00550171428975383
s007,OneClassSVM,100,250,31,0.10399999999999998,0.108,0.09999999999999998,0.9625199999999999,0.0007712799997534603,0.006592285707094042
s007,ProfileMatcher_GP,100,250,31,0.04000000000000002,0.04,0.040000000000000036,0.98736,0.0,9.600582285659454
s008,RandomForest,100,250,31,0.04900000000000002,0.048,0.050000000000000044,0.99164,0.464742879998812,0.6906699999983955
s008,GradientBoosting,100,250,31,0.105,0.1,0.10999999999999999,0.9407,1.5632771800010232,0.010760571437588493
s008,SVM_RBF,100,250,31,0.060000000000000026,0.06,0.06000000000000005,0.99088,0.008321700002125,0.016033714304545095
s008,kNN_Manhattan,100,250,31,0.04000000000000003,0.02,0.06000000000000005,0.9875,0.0014808399995672517,0.013926571430472124
s008,LogReg,100,250,31,0.06899999999999998,0.068,0.06999999999999995,0.9762,0.007396199999493547,0.004896857156251956
s008,MLP,100,250,31,0.058000000000000024,0.056,0.06000000000000005,0.9863200000000001,0.2672933599998942,0.004940000030079059
s008,OneClassSVM,100,250,31,0.07999999999999999,0.08,0.07999999999999996,0.96192,0.0005547799984924496,0.00530771426773364
s008,ProfileMatcher_GP,100,250,31,0.042000000000000016,0.044,0.040000000000000036,0.9916,0.0,9.670900857225726
s010,RandomForest,100,250,31,0.04000000000000002,0.04,0.040000000000000036,0.9935200000000001,0.442998999998963,0.778326857169824
s010,GradientBoosting,100,250,31,0.06100000000000002,0.072,0.050000000000000044,0.98832,1.5413338800004568,0.010528857154505591
s010,SVM_RBF,100,250,31,0.03800000000000002,0.036,0.040000000000000036,0.99352,0.0071478800004115325,0.012195428571430965
s010,kNN_Manhattan,100,250,31,0.013000000000000005,0.016,0.010000000000000009,0.99156,0.0008112199982861056,0.01039428569908653
s010,LogReg,100,250,31,0.04900000000000002,0.048,0.050000000000000044,0.9870800000000001,0.006905260001076385,0.004377428600231984
s010,MLP,100,250,31,0.027000000000000014,0.024,0.030000000000000027,0.99104,0.24738222000014504,0.004919428569597326
s010,OneClassSVM,100,250,31,0.06200000000000003,0.064,0.06000000000000005,0.98666,0.0005827400003909133,0.00494771429137992
s010,ProfileMatcher_GP,100,250,31,0.011000000000000005,0.012,0.010000000000000009,0.9993599999999999,0.0,9.16524857157908
s011,RandomForest,100,250,31,0.02100000000000001,0.012,0.030000000000000027,0.99528,0.42349171999958346,0.6977137142842237
s011,GradientBoosting,100,250,31,0.042000000000000016,0.044,0.040000000000000036,0.96776,1.5203712600006838,0.01177314284307483
s011,SVM_RBF,100,250,31,0.024000000000000007,0.028,0.020000000000000018,0.99812,0.008914379999623634,0.012799999988471557
s011,kNN_Manhattan,100,250,31,0.032000000000000015,0.024,0.040000000000000036,0.98992,0.0014639199987868778,0.01410371428521882
s011,LogReg,100,250,31,0.05500000000000002,0.06,0.050000000000000044,0.9942,0.008256980002624915,0.004780857146085639
s011,MLP,100,250,31,0.029000000000000012,0.028,0.030000000000000027,0.99716,0.30632445999945046,0.006261428560329867
s011,OneClassSVM,100,250,31,0.07999999999999999,0.08,0.07999999999999996,0.97588,0.0007725199990090914,0.005555714264379017
s011,ProfileMatcher_GP,100,250,31,0.060000000000000026,0.06,0.06000000000000005,0.98572,0.0,9.589016857353272
s012,RandomForest,100,250,31,0.011000000000000005,0.012,0.010000000000000009,0.99856,0.4312013399976422,0.5915371428584747
s012,GradientBoosting,100,250,31,0.05600000000000002,0.052,0.06000000000000005,0.96276,1.3781790799999727,0.011424000029884546
s012,SVM_RBF,100,250,31,0.014000000000000009,0.008,0.020000000000000018,0.99464,0.008002120000310243,0.012300857134895132
s012,kNN_Manhattan,100,250,31,0.01800000000000001,0.016,0.020000000000000018,0.99612,0.0011580800026422366,0.012797142844647169
s012,LogReg,100,250,31,0.02000000000000001,0.02,0.020000000000000018,0.99848,0.006760879998910241,0.00521714283552553
s012,MLP,100,250,31,0.029000000000000012,0.028,0.030000000000000027,0.99736,0.2738307000006898,0.006195714252368946
s012,OneClassSVM,100,250,31,0.129,0.128,0.13,0.95156,0.0006216200010385365,0.006402285715531824
s012,ProfileMatcher_GP,100,250,31,0.058000000000000024,0.056,0.06000000000000005,0.98852,0.0,10.172644285921706
s013,RandomForest,100,250,31,0.03800000000000002,0.036,0.040000000000000036,0.99332,0.43116638000064994,0.5385157142882235
s013,GradientBoosting,100,250,31,0.04900000000000002,0.048,0.050000000000000044,0.98198,1.5644691999987117,0.010281999982128451
s013,SVM_RBF,100,250,31,0.042000000000000016,0.044,0.040000000000000036,0.99516,0.007718980000936427,0.012196857153737386
s013,kNN_Manhattan,100,250,31,0.028000000000000018,0.016,0.040000000000000036,0.9957400000000001,0.0009779799991520121,0.01177142858588403
s013,LogReg,100,250,31,0.04900000000000002,0.048,0.050000000000000044,0.9914400000000001,0.006564859999343753,0.004200857178407855
s013,MLP,100,250,31,0.04900000000000002,0.048,0.050000000000000044,0.99504,0.2740326599989203,0.005340571432108325
s013,OneClassSVM,100,250,31,0.07599999999999998,0.072,0.07999999999999996,0.9670399999999999,0.0008163400023477152,0.006583428579948045
s013,ProfileMatcher_GP,100,250,31,0.029000000000000012,0.028,0.030000000000000027,0.995,0.0,9.710008286056109
s015,RandomForest,100,250,31,0.04900000000000002,0.048,0.050000000000000044,0.9854799999999999,0.46782642000034685,0.6873542857231639
s015,GradientBoosting,100,250,31,0.07099999999999998,0.072,0.06999999999999995,0.9802,1.6195915599993895,0.014781714271521196
s015,SVM_RBF,100,250,31,0.09099999999999998,0.092,0.08999999999999997,0.96124,0.009896220001974144,0.01665342854851458
s015,kNN_Manhattan,100,250,31,0.045000000000000026,0.04,0.050000000000000044,0.98436,0.0019819599998299963,0.01862057143755789
s015,LogReg,100,250,31,0.11699999999999999,0.124,0.10999999999999999,0.95988,0.006624100000772159,0.00494399997738323
s015,MLP,100,250,31,0.07799999999999999,0.076,0.07999999999999996,0.9686400000000001,0.32748843999870586,0.0062197142480207345
s015,OneClassSVM,100,250,31,0.14200000000000002,0.144,0.14,0.90472,0.0005404799987445586,0.004974285693606362
s015,ProfileMatcher_GP,100,250,31,0.07999999999999999,0.08,0.07999999999999996,0.9807999999999999,0.0,9.503849142929539
s016,RandomForest,100,250,31,0.03500000000000002,0.04,0.030000000000000027,0.9979600000000001,0.4800611000013305,0.6814708571723064
s016,GradientBoosting,100,250,31,0.04900000000000002,0.048,0.050000000000000044,0.9607,1.5232699999993202,0.012359142835651126
s016,SVM_RBF,100,250,31,0.031000000000000014,0.032,0.030000000000000027,0.99132,0.008208999999624211,0.013908857155391679
s016,kNN_Manhattan,100,250,31,0.014000000000000009,0.008,0.020000000000000018,0.99534,0.0010285599986673334,0.014126285698564191
s016,LogReg,100,250,31,0.07299999999999998,0.076,0.06999999999999995,0.95792,0.006599739998637233,0.004274857118226854
s016,MLP,100,250,31,0.05300000000000002,0.056,0.050000000000000044,0.9879199999999999,0.18861996000050568,0.005453999994123089
s016,OneClassSVM,100,250,31,0.10299999999999998,0.116,0.08999999999999997,0.95828,0.0005905999991227872,0.005314857137688834
s016,ProfileMatcher_GP,100,250,31,0.01800000000000001,0.016,0.020000000000000018,0.99844,0.0,9.903185142944235
s017,RandomForest,100,250,31,0.02200000000000001,0.024,0.020000000000000018,0.999,0.47297835999925153,0.6927045714318021
s017,GradientBoosting,100,250,31,0.04900000000000002,0.048,0.050000000000000044,0.9564600000000001,1.2574823000002653,0.009489714305215915
s017,SVM_RBF,100,250,31,0.01800000000000001,0.016,0.020000000000000018,0.9980800000000001,0.00519446000107564,0.009789428586373104
s017,kNN_Manhattan,100,250,31,0.011000000000000005,0.012,0.010000000000000009,0.99384,0.0008531400002539158,0.011357428572539774
s017,LogReg,100,250,31,0.01800000000000001,0.016,0.020000000000000018,0.9982,0.006679939999594353,0.004771714302478357
s017,MLP,100,250,31,0.016000000000000007,0.012,0.020000000000000018,0.9980800000000001,0.2209997599973576,0.004954285707624097
s017,OneClassSVM,100,250,31,0.028000000000000018,0.016,0.040000000000000036,0.9764,0.000551000001723878,0.004818000015802681
s017,ProfileMatcher_GP,100,250,31,0.02000000000000001,0.02,0.020000000000000018,0.999,0.0,9.444473999839309
s018,RandomForest,100,250,31,0.08199999999999999,0.084,0.07999999999999996,0.98088,0.4548036999985925,0.7706522857188247
s018,GradientBoosting,100,250,31,0.058000000000000024,0.056,0.06000000000000005,0.97836,1.5886182400005056,0.012392857170198113
s018,SVM_RBF,100,250,31,0.04600000000000001,0.052,0.040000000000000036,0.98536,0.009459979999519419,0.013718285730906896
s018,kNN_Manhattan,100,250,31,0.04300000000000001,0.056,0.030000000000000027,0.98926,0.0008751400018809363,0.011045999999623746
s018,LogReg,100,250,31,0.08199999999999999,0.084,0.07999999999999996,0.9832799999999999,0.006870720002916641,0.0045297142891545916
s018,MLP,100,250,31,0.060000000000000026,0.06,0.06000000000000005,0.9827600000000001,0.2822574399979203,0.004741999977600894
s018,OneClassSVM,100,250,31,0.18000000000000002,0.18,0.18000000000000005,0.9034800000000001,0.0005253800001810305,0.0047708571530945066
s018,ProfileMatcher_GP,100,250,31,0.07099999999999998,0.072,0.06999999999999995,0.98,0.0,9.609021428519295
s019,RandomForest,100,250,31,0.039000000000000014,0.048,0.030000000000000027,0.99752,0.4530300000013085,0.6667211428534106
s019,GradientBoosting,100,250,31,0.05300000000000002,0.056,0.050000000000000044,0.9915600000000001,1.473294660000829,0.013151142837679281
s019,SVM_RBF,100,250,31,0.034000000000000016,0.028,0.040000000000000036,0.9954000000000001,0.006865580000157934,0.01016714285859572
s019,kNN_Manhattan,100,250,31,0.017000000000000015,0.004,0.030000000000000027,0.99752,0.0015246200011461042,0.017479142864301266
s019,LogReg,100,250,31,0.060000000000000026,0.06,0.06000000000000005,0.98424,0.007634039998811204,0.004791142855538055
s019,MLP,100,250,31,0.024000000000000007,0.028,0.020000000000000018,0.9956,0.2044233600012376,0.0046157142787706116
s019,OneClassSVM,100,250,31,0.048999999999999974,0.028,0.06999999999999995,0.9617599999999998,0.0005090199978440068,0.004541428560124976
s019,ProfileMatcher_GP,100,250,31,0.024000000000000007,0.028,0.020000000000000018,0.99916,0.0,9.454874571425275
s020,RandomForest,100,250,31,0.045000000000000026,0.04,0.050000000000000044,0.9884799999999999,0.4684495199995581,0.648388571446828
s020,GradientBoosting,100,250,31,0.058000000000000024,0.056,0.06000000000000005,0.9869999999999999,1.6888503999987734,0.014470857110739286
s020,SVM_RBF,100,250,31,0.07299999999999998,0.076,0.06999999999999995,0.9853599999999999,0.009706880000885576,0.013599714334954377
s020,kNN_Manhattan,100,250,31,0.03000000000000001,0.04,0.020000000000000018,0.9948600000000001,0.0012203800011775456,0.011962857159752666
s020,LogReg,100,250,31,0.11499999999999999,0.12,0.10999999999999999,0.96052,0.007065340000553988,0.004349714311371956
s020,MLP,100,250,31,0.07999999999999999,0.08,0.07999999999999996,0.9795200000000001,0.3233225800024229,0.0069825714620362425
s020,OneClassSVM,100,250,31,0.16000000000000003,0.16,0.16000000000000003,0.90728,0.0005754800018621609,0.004926285702302786
s020,ProfileMatcher_GP,100,250,31,0.09099999999999998,0.092,0.08999999999999997,0.9749599999999999,0.0,10.419562857319502
s021,RandomForest,100,250,31,0.060000000000000026,0.06,0.06000000000000005,0.9847600000000001,0.4866271000006236,0.6709631428280514
s021,GradientBoosting,100,250,31,0.07099999999999998,0.072,0.06999999999999995,0.9745000000000001,1.6402387599999202,0.012403999987457481
s021,SVM_RBF,100,250,31,0.08499999999999998,0.1,0.06999999999999995,0.9816800000000001,0.008377379999728873,0.012753714254358783
s021,kNN_Manhattan,100,250,31,0.04000000000000002,0.04,0.040000000000000036,0.98408,0.0009601799989468418,0.01138285717128643
s021,LogReg,100,250,31,0.07799999999999999,0.076,0.07999999999999996,0.9734,0.006867659998533782,0.004127142851107888
s021,MLP,100,250,31,0.06200000000000003,0.064,0.06000000000000005,0.98636,0.2770568399995682,0.004985142877558246
s021,OneClassSVM,100,250,31,0.09599999999999999,0.092,0.09999999999999998,0.95612,0.0005468600022140891,0.0049002857329989115
s021,ProfileMatcher_GP,100,250,31,0.04000000000000002,0.04,0.040000000000000036,0.98084,0.0,9.563628285645141
s022,RandomForest,100,250,31,0.02200000000000001,0.024,0.020000000000000018,0.99796,0.46999393999867606,0.6257419999954956
s022,GradientBoosting,100,250,31,0.042000000000000016,0.044,0.040000000000000036,0.9692,1.2427689399992232,0.010759142855282074
s022,SVM_RBF,100,250,31,0.015000000000000005,0.02,0.010000000000000009,0.99744,0.007483359998150263,0.010916857115392174
s022,kNN_Manhattan,100,250,31,0.011000000000000005,0.012,0.010000000000000009,0.99386,0.0008787199985818006,0.010507714281889744
s022,LogReg,100,250,31,0.027000000000000014,0.024,0.030000000000000027,0.99624,0.008555000000342261,0.0044977142949522075
s022,MLP,100,250,31,0.02200000000000001,0.024,0.020000000000000018,0.9958400000000001,0.20673532000364503,0.005340285736435492
s022,OneClassSVM,100,250,31,0.04000000000000002,0.04,0.040000000000000036,0.98804,0.0007828200003132224,0.006302285702466699
s022,ProfileMatcher_GP,100,250,31,0.011000000000000005,0.012,0.010000000000000009,0.99964,0.0,9.514069428613377
s024,RandomForest,100,250,31,0.033000000000000015,0.036,0.030000000000000027,0.9966,0.42793883999984245,0.6639942856937913
s024,GradientBoosting,100,250,31,0.07999999999999999,0.08,0.07999999999999996,0.95136,1.2676313799995114,0.01172028571350633
s024,SVM_RBF,100,250,31,0.03500000000000002,0.04,0.030000000000000027,0.99324,0.007043039999553002,0.010669714309707552
s024,kNN_Manhattan,100,250,31,0.019000000000000003,0.028,0.010000000000000009,0.99468,0.0007698000015807338,0.010262571429068754
s024,LogReg,100,250,31,0.03600000000000002,0.032,0.040000000000000036,0.99564,0.007575759997416753,0.0046554285550623065
s024,MLP,100,250,31,0.027000000000000014,0.024,0.030000000000000027,0.99468,0.23259948000049918,0.005533142851033647
s024,OneClassSVM,100,250,31,0.07999999999999999,0.08,0.07999999999999996,0.97708,0.0005340800009435043,0.004604857136395627
s024,ProfileMatcher_GP,100,250,31,0.025000000000000015,0.02,0.030000000000000027,0.99632,0.0,9.636436571558338
s025,RandomForest,100,250,31,0.031000000000000014,0.032,0.030000000000000027,0.9934000000000002,0.5277184999984457,0.7665240000226602
s025,GradientBoosting,100,250,31,0.05700000000000002,0.064,0.050000000000000044,0.9890800000000001,1.5726149600013741,0.012539714267144777
s025,SVM_RBF,100,250,31,0.06200000000000003,0.064,0.06000000000000005,0.98024,0.008852560000377707,0.013021714278563325
s025,kNN_Manhattan,100,250,31,0.04100000000000002,0.032,0.050000000000000044,0.9800800000000001,0.0011643400008324533,0.014307999995902982
s025,LogReg,100,250,31,0.09099999999999998,0.092,0.08999999999999997,0.9542,0.006622400002379436,0.004371714333371658
s025,MLP,100,250,31,0.05100000000000002,0.052,0.050000000000000044,0.98264,0.3873487200005911,0.008300285740655713
s025,OneClassSVM,100,250,31,0.09799999999999999,0.096,0.09999999999999998,0.9638,0.0009944000019459053,0.008121428566352864
s025,ProfileMatcher_GP,100,250,31,0.042000000000000016,0.044,0.040000000000000036,0.9912,0.0,10.539169714029413
s026,RandomForest,100,250,31,0.06299999999999997,0.056,0.06999999999999995,0.98736,0.44560206000023755,0.8571568571746215
s026,GradientBoosting,100,250,31,0.03800000000000002,0.036,0.040000000000000036,0.9908,1.5828039800006082,0.012495999981183559
s026,SVM_RBF,100,250,31,0.04000000000000002,0.04,0.040000000000000036,0.99536,0.009442340000532568,0.015372000011016749
s026,kNN_Manhattan,100,250,31,0.02600000000000001,0.032,0.020000000000000018,0.9823799999999999,0.0013060000012046658,0.01577485714473629
s026,LogReg,100,250,31,0.06600000000000003,0.072,0.06000000000000005,0.99112,0.0072672599999350496,0.004464857172154423
s026,MLP,100,250,31,0.031000000000000014,0.032,0.030000000000000027,0.99568,0.25407535999838726,0.004762571417294177
s026,OneClassSVM,100,250,31,0.04000000000000002,0.04,0.040000000000000036,0.98924,0.0006813599989982322,0.005638857151747548
s026,ProfileMatcher_GP,100,250,31,0.04000000000000002,0.04,0.040000000000000036,0.9976,0.0,9.661087714006758
s027,RandomForest,100,250,31,0.029000000000000012,0.028,0.030000000000000027,0.9961199999999999,0.4765469199992367,0.6384134285534466
s027,GradientBoosting,100,250,31,0.060000000000000026,0.06,0.06000000000000005,0.9817999999999999,1.5410849399966537,0.010032285707503823
s027,SVM_RBF,100,250,31,0.012000000000000009,0.004,0.020000000000000018,0.99684,0.006298659999447409,0.00973171429775123
s027,kNN_Manhattan,100,250,31,0.028000000000000008,0.036,0.020000000000000018,0.99624,0.0007692799990763888,0.01012485713415247
s027,LogReg,100,250,31,0.023000000000000013,0.016,0.030000000000000027,0.9905200000000001,0.007468579997657798,0.004312857158116199
s027,MLP,100,250,31,0.0070000000000000045,0.004,0.010000000000000009,0.9995999999999999,0.19738699999870732,0.005589142840887819
s027,OneClassSVM,100,250,31,0.118,0.116,0.12,0.92984,0.00063916000071913,0.005183428542555443
s027,ProfileMatcher_GP,100,250,31,0.02000000000000001,0.02,0.020000000000000018,0.99644,0.0,9.714136571440447
s028,RandomForest,100,250,31,0.009000000000000005,0.008,0.010000000000000009,0.99992,0.44582902000111063,0.6909200000310582
s028,GradientBoosting,100,250,31,0.027000000000000014,0.024,0.030000000000000027,0.9825600000000001,1.349695060000522,0.009556857133117904
s028,SVM_RBF,100,250,31,0.01800000000000001,0.016,0.020000000000000018,0.9992,0.00558463999768719,0.008754857138098617
s028,kNN_Manhattan,100,250,31,0.0,0.0,0.0,1.0,0.0007735199993476272,0.010189999988402374
s028,LogReg,100,250,31,0.024000000000000007,0.028,0.020000000000000018,0.99944,0.00747955999977421,0.004736285731529019
s028,MLP,100,250,31,0.01800000000000001,0.016,0.020000000000000018,0.9992,0.25316042000049493,0.006269428579668913
s028,OneClassSVM,100,250,31,0.02200000000000001,0.024,0.020000000000000018,0.98548,0.0006308199997874908,0.00616342858328218
s028,ProfileMatcher_GP,100,250,31,0.006,0.012,0.0,0.99944,0.0,9.86001485709234
s029,RandomForest,100,250,31,0.04000000000000002,0.04,0.040000000000000036,0.99692,0.5061585400006152,0.6815168571275926
s029,GradientBoosting,100,250,31,0.05700000000000002,0.064,0.050000000000000044,0.9779999999999999,1.2601869799997076,0.010133999977759751
s029,SVM_RBF,100,250,31,0.042000000000000016,0.044,0.040000000000000036,0.99228,0.006835120001051109,0.011221714313640925
s029,kNN_Manhattan,100,250,31,0.016000000000000007,0.012,0.020000000000000018,0.99368,0.0009604599996237084,0.01088171430248102
s029,LogReg,100,250,31,0.04000000000000002,0.04,0.040000000000000036,0.99644,0.007298199999786448,0.005342857143010145
s029,MLP,100,250,31,0.04000000000000002,0.04,0.040000000000000036,0.99448,0.2669393799995305,0.004863142863281869
s029,OneClassSVM,100,250,31,0.06899999999999998,0.068,0.06999999999999995,0.96704,0.0005301000011968427,0.005205999997477713
s029,ProfileMatcher_GP,100,250,31,0.017000000000000005,0.024,0.010000000000000009,0.99784,0.0,9.933924857406444
s030,RandomForest,100,250,31,0.06899999999999998,0.068,0.06999999999999995,0.98368,0.4317505799990613,0.7180151428370403
s030,GradientBoosting,100,250,31,0.058000000000000024,0.056,0.06000000000000005,0.98132,1.6077739200016368,0.013749428534148529
s030,SVM_RBF,100,250,31,0.06899999999999998,0.068,0.06999999999999995,0.97936,0.009852379999938422,0.01539771428464779
s030,kNN_Manhattan,100,250,31,0.06199999999999998,0.044,0.07999999999999996,0.98454,0.0008203200020943768,0.010414571422318528
s030,LogReg,100,250,31,0.058000000000000024,0.056,0.06000000000000005,0.9648,0.007406279997667298,0.004994285700377077
s030,MLP,100,250,31,0.07799999999999999,0.076,0.07999999999999996,0.97456,0.2597945600005914,0.005826571473984845
s030,OneClassSVM,100,250,31,0.14,0.14,0.14,0.9163,0.0006151999972644262,0.006030857143092103
s030,ProfileMatcher_GP,100,250,31,0.06200000000000003,0.064,0.06000000000000005,0.98508,0.0,9.48333657145018
s031,RandomForest,100,250,31,0.07899999999999997,0.088,0.06999999999999995,0.9602400000000001,0.41949012000259245,0.7358605714190553
s031,GradientBoosting,100,250,31,0.129,0.128,0.13,0.95724,1.5772963399984292,0.013156857166904956
s031,SVM_RBF,100,250,31,0.11299999999999999,0.116,0.10999999999999999,0.92888,0.01227260000014212,0.016682571482046375
s031,kNN_Manhattan,100,250,31,0.1,0.06,0.14,0.95492,0.0007787400027154945,0.010267714325371864
s031,LogReg,100,250,31,0.17600000000000002,0.172,0.18000000000000005,0.8924799999999999,0.006075960000453051,0.00452742855746432
s031,MLP,100,250,31,0.126,0.132,0.12,0.944,0.34754505999881075,0.005015142835743193
s031,OneClassSVM,100,250,31,0.21099999999999997,0.212,0.20999999999999996,0.8558,0.0008000599991646595,0.005615999980363995
s031,ProfileMatcher_GP,100,250,31,0.118,0.116,0.12,0.9442400000000002,0.0,9.476295142729734
s032,RandomForest,100,250,31,0.08199999999999999,0.084,0.07999999999999996,0.97916,0.45301284000015585,0.7066977142988305
s032,GradientBoosting,100,250,31,0.06699999999999998,0.064,0.06999999999999995,0.9814,1.6012401999993018,0.01247714286104643
s032,SVM_RBF,100,250,31,0.07999999999999999,0.08,0.07999999999999996,0.9710000000000001,0.010396159999072552,0.015421714259511127
s032,kNN_Manhattan,100,250,31,0.06399999999999997,0.048,0.07999999999999996,0.98006,0.001020899998547975,0.011109142859433112
s032,LogReg,100,250,31,0.10699999999999998,0.104,0.10999999999999999,0.9508000000000001,0.0070221600006334485,0.0046780000099845755
s032,MLP,100,250,31,0.07099999999999998,0.072,0.06999999999999995,0.97736,0.27317307999765034,0.004695142852142453
s032,OneClassSVM,100,250,31,0.19999999999999998,0.2,0.19999999999999996,0.9013599999999999,0.0005551999987801537,0.004826285710026111
s032,ProfileMatcher_GP,100,250,31,0.129,0.128,0.13,0.9612400000000001,0.0,9.446688571437594
s033,RandomForest,100,250,31,0.01800000000000001,0.016,0.020000000000000018,0.99776,0.43439994000073057,0.6853062856784422
s033,GradientBoosting,100,250,31,0.042000000000000016,0.044,0.040000000000000036,0.9612,1.0641706400027033,0.010637142882582598
s033,SVM_RBF,100,250,31,0.029000000000000012,0.028,0.030000000000000027,0.99788,0.011595540001871995,0.015779999999462495
s033,kNN_Manhattan,100,250,31,0.008,0.016,0.0,0.9998400000000001,0.0012240800002473406,0.015170857139829814
s033,LogReg,100,250,31,0.029000000000000012,0.028,0.030000000000000027,0.99248,0.007538280001608655,0.004885428601742856
s033,MLP,100,250,31,0.02000000000000001,0.02,0.020000000000000018,0.99532,0.2037952200000291,0.005810571435306754
s033,OneClassSVM,100,250,31,0.14400000000000002,0.148,0.14,0.92012,0.0005769199997303076,0.005108285736891308
s033,ProfileMatcher_GP,100,250,31,0.03500000000000002,0.04,0.030000000000000027,0.9918,0.0,9.777618571616975
s034,RandomForest,100,250,31,0.058000000000000024,0.056,0.06000000000000005,0.98576,0.49104819999920435,0.6906008571136877
s034,GradientBoosting,100,250,31,0.05300000000000002,0.056,0.050000000000000044,0.9713599999999999,1.6296251000007032,0.012686571447245245
s034,SVM_RBF,100,250,31,0.08199999999999999,0.084,0.07999999999999996,0.96912,0.009618979998049327,0.01362885712296702
s034,kNN_Manhattan,100,250,31,0.06800000000000002,0.096,0.040000000000000036,0.97502,0.0007620199990924448,0.01003285714042639
s034,LogReg,100,250,31,0.08899999999999998,0.088,0.08999999999999997,0.97012,0.008804940000118222,0.005462285729923418
s034,MLP,100,250,31,0.08399999999999998,0.088,0.07999999999999996,0.9748,0.27501801999896996,0.00468885713157111
s034,OneClassSVM,100,250,31,0.19299999999999998,0.196,0.18999999999999995,0.8907200000000001,0.0005181200001970864,0.004543142838104229
s034,ProfileMatcher_GP,100,250,31,0.06899999999999998,0.068,0.06999999999999995,0.969,0.0,10.273459428676038
s035,RandomForest,100,250,31,0.0050000000000000044,0.0,0.010000000000000009,0.9967599999999999,0.4298179999997956,0.793731999978523
s035,GradientBoosting,100,250,31,0.05300000000000002,0.056,0.050000000000000044,0.9760800000000001,1.3496952400018927,0.009789999977718773
s035,SVM_RBF,100,250,31,0.01800000000000001,0.016,0.020000000000000018,0.99664,0.009580540002207271,0.015514571464986405
s035,kNN_Manhattan,100,250,31,0.02100000000000001,0.012,0.030000000000000027,0.99508,0.0011389000021154061,0.012373142879888681
s035,LogReg,100,250,31,0.02000000000000001,0.02,0.020000000000000018,0.99424,0.007468679998419247,0.0060168571404314464
s035,MLP,100,250,31,0.02200000000000001,0.024,0.020000000000000018,0.9941599999999999,0.28009814000106414,0.005800000009393054
s035,OneClassSVM,100,250,31,0.05100000000000002,0.052,0.050000000000000044,0.9854400000000001,0.0010037000014563092,0.0071131428662088835
s035,ProfileMatcher_GP,100,250,31,0.06200000000000003,0.064,0.06000000000000005,0.98956,0.0,11.136389142837809
s036,RandomForest,100,250,31,0.0,0.0,0.0,1.0,0.48147525999956997,0.6485942857398186
s036,GradientBoosting,100,250,31,0.01800000000000001,0.016,0.020000000000000018,0.9837,0.7908880600007251,0.009259714279323816
s036,SVM_RBF,100,250,31,0.02000000000000001,0.02,0.020000000000000018,0.99912,0.007040300000517164,0.010359142844598473
s036,kNN_Manhattan,100,250,31,0.009000000000000005,0.008,0.010000000000000009,0.99972,0.00075263999751769,0.010669142876784983
s036,LogReg,100,250,31,0.02000000000000001,0.02,0.020000000000000018,0.99772,0.0069541400007437915,0.004125999964474301
s036,MLP,100,250,31,0.02000000000000001,0.02,0.020000000000000018,0.98884,0.1605922400005511,0.0050097142645557004
s036,OneClassSVM,100,250,31,0.058000000000000024,0.056,0.06000000000000005,0.9852,0.000595840001187753,0.005154571429427181
s036,ProfileMatcher_GP,100,250,31,0.02000000000000001,0.02,0.020000000000000018,0.99952,0.0,10.121400857294377
s037,RandomForest,100,250,31,0.06899999999999998,0.068,0.06999999999999995,0.9885999999999999,0.4417160999990301,0.7330299999947394
s037,GradientBoosting,100,250,31,0.08799999999999998,0.096,0.07999999999999996,0.9363799999999999,1.172985959998914,0.010013714262251077
s037,SVM_RBF,100,250,31,0.04600000000000001,0.052,0.040000000000000036,0.99668,0.007150879999971949,0.012927428573935428
s037,kNN_Manhattan,100,250,31,0.04100000000000002,0.032,0.050000000000000044,0.99158,0.0009474600024987012,0.010514571456172106
s037,LogReg,100,250,31,0.05100000000000002,0.052,0.050000000000000044,0.9909600000000001,0.007225239998660982,0.0043188571414378065
s037,MLP,100,250,31,0.04000000000000002,0.04,0.040000000000000036,0.99612,0.2035553199995775,0.0047194285850439745
s037,OneClassSVM,100,250,31,0.09499999999999999,0.1,0.08999999999999997,0.95536,0.000677619998168666,0.006488857158858862
s037,ProfileMatcher_GP,100,250,31,0.07999999999999999,0.08,0.07999999999999996,0.98124,0.0,9.723782000052909
s038,RandomForest,100,250,31,0.060000000000000026,0.06,0.06000000000000005,0.99244,0.43992187999829185,0.7255314285742184
s038,GradientBoosting,100,250,31,0.06899999999999998,0.068,0.06999999999999995,0.98956,1.6105862800002797,0.013618857129975886
s038,SVM_RBF,100,250,31,0.06299999999999997,0.056,0.06999999999999995,0.9822,0.011057860001164955,0.01658085717021355
s038,kNN_Manhattan,100,250,31,0.06800000000000002,0.096,0.040000000000000036,0.98256,0.0012005199983832426,0.012551714296153347
s038,LogReg,100,250,31,0.09099999999999998,0.092,0.08999999999999997,0.9632,0.007656440000573639,0.00429714283589939
s038,MLP,100,250,31,0.06400000000000003,0.068,0.06000000000000005,0.9813200000000001,0.2318145799988997,0.004764285716061879
s038,OneClassSVM,100,250,31,0.21399999999999997,0.208,0.21999999999999997,0.8656,0.0009711599996080622,0.008871142843937767
s038,ProfileMatcher_GP,100,250,31,0.09899999999999998,0.108,0.08999999999999997,0.9759599999999999,0.0,10.061159143245147
s039,RandomForest,100,250,31,0.029000000000000012,0.028,0.030000000000000027,0.9947600000000001,0.44135709999827666,0.7250502857121838
s039,GradientBoosting,100,250,31,0.08399999999999998,0.088,0.07999999999999996,0.9672200000000001,1.5710795200007852,0.010221714286931924
s039,SVM_RBF,100,250,31,0.03800000000000002,0.036,0.040000000000000036,0.98336,0.00757006000058027,0.010449714256018133
s039,kNN_Manhattan,100,250,31,0.03900000000000002,0.028,0.050000000000000044,0.98342,0.0007947399994009174,0.01098742856161802
s039,LogReg,100,250,31,0.025000000000000015,0.02,0.030000000000000027,0.98904,0.007121119998919312,0.006246285733400977
s039,MLP,100,250,31,0.04000000000000002,0.04,0.040000000000000036,0.99372,0.21926903999992647,0.005725142857824852
s039,OneClassSVM,100,250,31,0.06200000000000003,0.064,0.06000000000000005,0.9636799999999999,0.0006135600007837639,0.005568857138444271
s039,ProfileMatcher_GP,100,250,31,0.025000000000000015,0.02,0.030000000000000027,0.99212,0.0,9.757662857175871
s040,RandomForest,100,250,31,0.04000000000000002,0.04,0.040000000000000036,0.99428,0.5345378000027268,0.7781485713660784
s040,GradientBoosting,100,250,31,0.06099999999999997,0.052,0.06999999999999995,0.9582599999999999,1.6249160399995162,0.01632685714866966
s040,SVM_RBF,100,250,31,0.02200000000000001,0.024,0.020000000000000018,0.9933599999999999,0.009548000000359025,0.01330657144925291
s040,kNN_Manhattan,100,250,31,0.023000000000000013,0.016,0.030000000000000027,0.9949000000000001,0.0008462199999485165,0.011689428564360633
s040,LogReg,100,250,31,0.058000000000000024,0.056,0.06000000000000005,0.984,0.006692699999257456,0.004621142891535003
s040,MLP,100,250,31,0.031000000000000014,0.032,0.030000000000000027,0.9934000000000001,0.22632158000342315,0.004859142874400797
s040,OneClassSVM,100,250,31,0.168,0.176,0.16000000000000003,0.9051599999999999,0.0005320599986589514,0.004756857150433852
s040,ProfileMatcher_GP,100,250,31,0.07999999999999999,0.08,0.07999999999999996,0.9848000000000001,0.0,9.827214571456093
s041,RandomForest,100,250,31,0.02000000000000001,0.02,0.020000000000000018,0.9951599999999998,0.4899911799977417,0.7127594285910683
s041,GradientBoosting,100,250,31,0.07599999999999998,0.072,0.07999999999999996,0.95732,1.5957475800008978,0.010572285682428628
s041,SVM_RBF,100,250,31,0.01800000000000001,0.016,0.020000000000000018,0.9974000000000001,0.008688259999325964,0.012252571447918723
s041,kNN_Manhattan,100,250,31,0.03900000000000002,0.028,0.050000000000000044,0.99,0.0007456599996658042,0.010182857160024077
s041,LogReg,100,250,31,0.02000000000000001,0.02,0.020000000000000018,0.99692,0.007496759999776259,0.004265999970292407
s041,MLP,100,250,31,0.02000000000000001,0.02,0.020000000000000018,0.99776,0.18567061999929138,0.00501714287176063
s041,OneClassSVM,100,250,31,0.136,0.132,0.14,0.9189200000000001,0.0005218999998760409,0.004840857145609334
s041,ProfileMatcher_GP,100,250,31,0.05300000000000002,0.056,0.050000000000000044,0.99028,0.0,9.856267714203568
s042,RandomForest,100,250,31,0.031000000000000014,0.032,0.030000000000000027,0.99176,0.5001008199993521,0.6992479999774203
s042,GradientBoosting,100,250,31,0.03800000000000002,0.036,0.040000000000000036,0.99472,1.630244300000777,0.012807714291349321
s042,SVM_RBF,100,250,31,0.03600000000000002,0.032,0.040000000000000036,0.9846400000000001,0.007747740001650527,0.013210857120741692
s042,kNN_Manhattan,100,250,31,0.02000000000000001,0.02,0.020000000000000018,0.9939199999999999,0.000992959999712184,0.011837428568729333
s042,LogReg,100,250,31,0.04900000000000002,0.048,0.050000000000000044,0.9764400000000001,0.006888160001835786,0.004559714268127989
s042,MLP,100,250,31,0.03800000000000002,0.036,0.040000000000000036,0.9824400000000001,0.23612737999937963,0.005250285674784598
s042,OneClassSVM,100,250,31,0.07499999999999998,0.08,0.06999999999999995,0.9685,0.0005948400023044087,0.00491600001363882
s042,ProfileMatcher_GP,100,250,31,0.02200000000000001,0.024,0.020000000000000018,0.99644,0.0,9.961729428718431
s043,RandomForest,100,250,31,0.0050000000000000044,0.0,0.010000000000000009,0.99968,0.42978871999948753,0.6172534285828337
s043,GradientBoosting,100,250,31,0.060000000000000026,0.06,0.06000000000000005,0.97104,1.091925939999055,0.009607714309822768
s043,SVM_RBF,100,250,31,0.011000000000000005,0.012,0.010000000000000009,0.99952,0.0070808400021633135,0.011065428573471894
s043,kNN_Manhattan,100,250,31,0.02200000000000001,0.024,0.020000000000000018,0.99748,0.0007861199992476031,0.01070828569936566
s043,LogReg,100,250,31,0.02000000000000001,0.02,0.020000000000000018,0.99548,0.0075796200020704415,0.004195999998566029
s043,MLP,100,250,31,0.02000000000000001,0.02,0.020000000000000018,0.99612,0.15515478000161237,0.005824000005044841
s043,OneClassSVM,100,250,31,0.05600000000000002,0.052,0.06000000000000005,0.97612,0.0005528000008780509,0.004841714294993186
s043,ProfileMatcher_GP,100,250,31,0.015000000000000005,0.02,0.010000000000000009,0.9998,0.0,9.503522857121425
s044,RandomForest,100,250,31,0.0050000000000000044,0.0,0.010000000000000009,0.99924,0.47998701999895277,0.769569428541997
s044,GradientBoosting,100,250,31,0.04000000000000002,0.04,0.040000000000000036,0.9787,0.9442938400010462,0.009666285727040045
s044,SVM_RBF,100,250,31,0.04900000000000002,0.048,0.050000000000000044,0.9905200000000001,0.009300260001327842,0.013250571438610286
s044,kNN_Manhattan,100,250,31,0.04600000000000003,0.032,0.06000000000000005,0.9873,0.0009338000003481284,0.011285999997718527
s044,LogReg,100,250,31,0.03800000000000002,0.036,0.040000000000000036,0.9835200000000001,0.007601980000617914,0.004323714279702732
s044,MLP,100,250,31,0.03700000000000002,0.024,0.050000000000000044,0.98832,0.20794590000150492,0.004863714275415987
s044,OneClassSVM,100,250,31,0.09999999999999999,0.1,0.09999999999999998,0.9548,0.0007424000010360033,0.006074857145514605
s044,ProfileMatcher_GP,100,250,31,0.060000000000000026,0.06,0.06000000000000005,0.9870399999999999,0.0,10.326756285919275
s046,RandomForest,100,250,31,0.07099999999999998,0.072,0.06999999999999995,0.9846400000000001,0.3979688400009763,0.7052734285909017
s046,GradientBoosting,100,250,31,0.08499999999999999,0.08,0.08999999999999997,0.9787600000000001,1.6283890199993039,0.015401142902971643
s046,SVM_RBF,100,250,31,0.06200000000000003,0.064,0.06000000000000005,0.97968,0.010234399999899325,0.013941714319766365
s046,kNN_Manhattan,100,250,31,0.05299999999999998,0.036,0.06999999999999995,0.9813399999999999,0.0009177800006000325,0.011284571436200557
s046,LogReg,100,250,31,0.09999999999999999,0.1,0.09999999999999998,0.9757199999999999,0.006411120000120718,0.00393942857044749
s046,MLP,100,250,31,0.087,0.084,0.08999999999999997,0.97856,0.23462664000107908,0.005545999987849168
s046,OneClassSVM,100,250,31,0.18200000000000002,0.184,0.18000000000000005,0.8791599999999999,0.0005810799993923865,0.005142285704745777
s046,ProfileMatcher_GP,100,250,31,0.09099999999999998,0.092,0.08999999999999997,0.96896,0.0,9.794435999938287
s047,RandomForest,100,250,31,0.033000000000000015,0.036,0.030000000000000027,0.99524,0.4417704000006779,0.8918245714448858
s047,GradientBoosting,100,250,31,0.058000000000000024,0.056,0.06000000000000005,0.9851599999999999,1.60774104000011,0.011552285702366914
s047,SVM_RBF,100,250,31,0.06499999999999997,0.06,0.06999999999999995,0.9881599999999999,0.014397000000462868,0.019097142857000496
s047,kNN_Manhattan,100,250,31,0.02600000000000001,0.032,0.020000000000000018,0.9972599999999999,0.0014232000015908853,0.013897142863632844
s047,LogReg,100,250,31,0.05100000000000002,0.052,0.050000000000000044,0.97004,0.010798539998359048,0.006877714269129293
s047,MLP,100,250,31,0.058000000000000024,0.056,0.06000000000000005,0.98244,0.2277031000019633,0.005472857155837119
s047,OneClassSVM,100,250,31,0.18800000000000003,0.196,0.18000000000000005,0.90296,0.0005593199995928444,0.004948571419975321
s047,ProfileMatcher_GP,100,250,31,0.05300000000000002,0.056,0.050000000000000044,0.99232,0.0,10.103999714545873
s048,RandomForest,100,250,31,0.07999999999999999,0.08,0.07999999999999996,0.98472,0.5047756600019057,0.6733651428450165
s048,GradientBoosting,100,250,31,0.060000000000000026,0.06,0.06000000000000005,0.96084,1.6387429799986422,0.01175199999124743
s048,SVM_RBF,100,250,31,0.07499999999999998,0.08,0.06999999999999995,0.98744,0.007943060000252444,0.013590857124654576
s048,kNN_Manhattan,100,250,31,0.060000000000000026,0.06,0.06000000000000005,0.9726400000000001,0.0007638400042196736,0.01001228574231001
s048,LogReg,100,250,31,0.08299999999999999,0.076,0.08999999999999997,0.97224,0.006992140001966618,0.004255142869494323
s048,MLP,100,250,31,0.060000000000000026,0.06,0.06000000000000005,0.9792400000000001,0.26913057999772716,0.004929999974722575
s048,OneClassSVM,100,250,31,0.11299999999999999,0.116,0.10999999999999999,0.9422,0.000555960000201594,0.0049774285746804845
s048,ProfileMatcher_GP,100,250,31,0.05100000000000002,0.052,0.050000000000000044,0.988,0.0,10.326624857137046
s049,RandomForest,100,250,31,0.013000000000000005,0.016,0.010000000000000009,0.99556,0.46450179999956165,0.7132154285500292
s049,GradientBoosting,100,250,31,0.05300000000000002,0.056,0.050000000000000044,0.9591999999999999,1.487900179999997,0.010937428555085458
s049,SVM_RBF,100,250,31,0.04000000000000002,0.04,0.040000000000000036,0.99024,0.00891191999980947,0.012792857180881714
s049,kNN_Manhattan,100,250,31,0.02200000000000001,0.024,0.020000000000000018,0.99472,0.0007705800031544641,0.010948571455498626
s049,LogReg,100,250,31,0.04900000000000002,0.048,0.050000000000000044,0.97176,0.007393560001219157,0.004426571436592245
s049,MLP,100,250,31,0.03800000000000002,0.036,0.040000000000000036,0.9701599999999999,0.21627949999819976,0.005945999998532768
s049,OneClassSVM,100,250,31,0.09099999999999998,0.092,0.08999999999999997,0.9462,0.0007418999986839481,0.006936571423596304
s049,ProfileMatcher_GP,100,250,31,0.04000000000000002,0.04,0.040000000000000036,0.99412,0.0,9.819188285660598
s050,RandomForest,100,250,31,0.07699999999999999,0.084,0.06999999999999995,0.98292,0.4482943399998476,0.6963222857198812
s050,GradientBoosting,100,250,31,0.06899999999999998,0.068,0.06999999999999995,0.9860800000000001,1.5661804599993048,0.012433428554296761
s050,SVM_RBF,100,250,31,0.04900000000000002,0.048,0.050000000000000044,0.98736,0.010213720001047477,0.016317428567812643
s050,kNN_Manhattan,100,250,31,0.02600000000000001,0.032,0.020000000000000018,0.99168,0.0012300200018216857,0.01313828568007531
s050,LogReg,100,250,31,0.05300000000000002,0.056,0.050000000000000044,0.97536,0.012618680000014138,0.007066000024289159
s050,MLP,100,250,31,0.031000000000000014,0.032,0.030000000000000027,0.9941599999999999,0.26172590000060153,0.00492885715045434
s050,OneClassSVM,100,250,31,0.11299999999999999,0.116,0.10999999999999999,0.94884,0.0005578600001172162,0.005051428576864835
s050,ProfileMatcher_GP,100,250,31,0.058000000000000024,0.056,0.06000000000000005,0.98932,0.0,10.021856000218706
s051,RandomForest,100,250,31,0.03800000000000002,0.036,0.040000000000000036,0.98948,0.5130633799999487,0.6520657142599312
s051,GradientBoosting,100,250,31,0.06400000000000003,0.068,0.06000000000000005,0.9620599999999999,1.5925860799994553,0.01124171429962319
s051,SVM_RBF,100,250,31,0.04900000000000002,0.048,0.050000000000000044,0.9861199999999999,0.007976840001356322,0.012452857148933358
s051,kNN_Manhattan,100,250,31,0.03000000000000001,0.04,0.020000000000000018,0.9904599999999999,0.0009748999989824369,0.011109999988028512
s051,LogReg,100,250,31,0.06200000000000003,0.064,0.06000000000000005,0.97228,0.006924600001366343,0.004571428580675273
s051,MLP,100,250,31,0.04600000000000001,0.052,0.040000000000000036,0.98072,0.34307704000239025,0.005454571447834107
s051,OneClassSVM,100,250,31,0.10699999999999998,0.104,0.10999999999999999,0.9537600000000002,0.0005449000018415973,0.0048997143000763434
s051,ProfileMatcher_GP,100,250,31,0.060000000000000026,0.06,0.06000000000000005,0.98844,0.0,9.53942142851052
s052,RandomForest,100,250,31,0.004,0.008,0.0,0.99976,0.44544301999994784,0.7071231428251069
s052,GradientBoosting,100,250,31,0.01800000000000001,0.016,0.020000000000000018,0.98584,0.7979979000010644,0.009523714273070385
s052,SVM_RBF,100,250,31,0.009000000000000005,0.008,0.010000000000000009,0.9994799999999999,0.00852207999851089,0.01469085714364025
s052,kNN_Manhattan,100,250,31,0.0,0.0,0.0,1.0,0.0015161400006036274,0.015951428545771966
s052,LogReg,100,250,31,0.01800000000000001,0.016,0.020000000000000018,0.99552,0.007665499999711755,0.004891142868603181
s052,MLP,100,250,31,0.02200000000000001,0.024,0.020000000000000018,0.99936,0.1664043600001605,0.0047225714245411965
s052,OneClassSVM,100,250,31,0.05600000000000002,0.052,0.06000000000000005,0.9656399999999999,0.000568260000727605,0.004741142849005493
s052,ProfileMatcher_GP,100,250,31,0.009000000000000005,0.008,0.010000000000000009,0.99988,0.0,9.44400199998719
s053,RandomForest,100,250,31,0.02600000000000001,0.032,0.020000000000000018,0.99864,0.40811308000265856,0.5807648571499158
s053,GradientBoosting,100,250,31,0.033000000000000015,0.036,0.030000000000000027,0.98116,1.2180388399996445,0.011391428602759593
s053,SVM_RBF,100,250,31,0.0,0.0,0.0,1.0,0.006948799999372568,0.011303142839876403
s053,kNN_Manhattan,100,250,31,0.002,0.004,0.0,0.99998,0.0009396200010087341,0.01075942859253181
s053,LogReg,100,250,31,0.0,0.0,0.0,1.0,0.007742419998976402,0.0061217142917614955
s053,MLP,100,250,31,0.011000000000000005,0.012,0.010000000000000009,0.99952,0.26707952000142543,0.0063045714133685175
s053,OneClassSVM,100,250,31,0.023000000000000013,0.016,0.030000000000000027,0.97972,0.0008075799996731803,0.006714571437831702
s053,ProfileMatcher_GP,100,250,31,0.01800000000000001,0.016,0.020000000000000018,0.9984799999999999,0.0,9.313804571346347
s054,RandomForest,100,250,31,0.09599999999999999,0.092,0.09999999999999998,0.9610799999999999,0.3877675799973076,0.6641871428499664
s054,GradientBoosting,100,250,31,0.122,0.124,0.12,0.9546399999999999,1.559442819999822,0.011579714253977209
s054,SVM_RBF,100,250,31,0.08899999999999998,0.088,0.08999999999999997,0.97272,0.007601579997572117,0.010668857139535248
s054,kNN_Manhattan,100,250,31,0.08099999999999997,0.092,0.06999999999999995,0.9730399999999999,0.000740220001898706,0.010057428569000746
s054,LogReg,100,250,31,0.09799999999999999,0.096,0.09999999999999998,0.95864,0.005739499999617692,0.00378628571135258
s054,MLP,100,250,31,0.08799999999999998,0.096,0.07999999999999996,0.9772000000000001,0.25491171999892687,0.005193142860662192
s054,OneClassSVM,100,250,31,0.129,0.128,0.13,0.91736,0.0005160000000614673,0.004556571407842316
s054,ProfileMatcher_GP,100,250,31,0.09999999999999999,0.1,0.09999999999999998,0.9719599999999999,0.0,8.936379428424905
s055,RandomForest,100,250,31,0.02200000000000001,0.024,0.020000000000000018,0.9968,0.40131332000019027,0.5444257142828844
s055,GradientBoosting,100,250,31,0.058000000000000024,0.056,0.06000000000000005,0.97778,1.4120429400005379,0.01056628569910702
s055,SVM_RBF,100,250,31,0.004,0.008,0.0,0.9998,0.006450980000954587,0.009576571444215785
s055,kNN_Manhattan,100,250,31,0.002,0.004,0.0,0.998,0.0007784800007357262,0.010230285739193537
s055,LogReg,100,250,31,0.011000000000000005,0.012,0.010000000000000009,0.99948,0.006429779999598395,0.004201142874080689
s055,MLP,100,250,31,0.011000000000000005,0.012,0.010000000000000009,0.99936,0.21011655999900541,0.0076965714522105235
s055,OneClassSVM,100,250,31,0.04900000000000002,0.048,0.050000000000000044,0.98154,0.0008814600005280226,0.007259999983943999
s055,ProfileMatcher_GP,100,250,31,0.009000000000000005,0.008,0.010000000000000009,0.99868,0.0,9.719517142948462
s056,RandomForest,100,250,31,0.05100000000000002,0.052,0.050000000000000044,0.9918800000000001,0.41928819999739064,0.5702642856964044
s056,GradientBoosting,100,250,31,0.06299999999999997,0.056,0.06999999999999995,0.97628,1.5192003800009843,0.010782000005877177
s056,SVM_RBF,100,250,31,0.05100000000000002,0.052,0.050000000000000044,0.9891599999999999,0.007918760001484771,0.01153228571638465
s056,kNN_Manhattan,100,250,31,0.02100000000000001,0.012,0.030000000000000027,0.998,0.0007360799980233423,0.010071428571661403
s056,LogReg,100,250,31,0.060000000000000026,0.06,0.06000000000000005,0.9794,0.006417559999681544,0.004125142877455801
s056,MLP,100,250,31,0.06499999999999997,0.06,0.06999999999999995,0.9877199999999999,0.22593980000092415,0.0047057142780561525
s056,OneClassSVM,100,250,31,0.14400000000000002,0.148,0.14,0.93292,0.0005121599984704517,0.004771428565228624
s056,ProfileMatcher_GP,100,250,31,0.07099999999999998,0.072,0.06999999999999995,0.98516,0.0,8.93008428550924
s057,RandomForest,100,250,31,0.060000000000000026,0.06,0.06000000000000005,0.9906800000000001,0.38171527999948013,0.49547657143973217
s057,GradientBoosting,100,250,31,0.06899999999999998,0.068,0.06999999999999995,0.9804600000000001,1.5039220199992998,0.011258571404531332
s057,SVM_RBF,100,250,31,0.04900000000000002,0.048,0.050000000000000044,0.9919199999999999,0.00792541999835521,0.011325999990471505
s057,kNN_Manhattan,100,250,31,0.021000000000000005,0.032,0.010000000000000009,0.9978,0.0008496599999489263,0.010792857127463713
s057,LogReg,100,250,31,0.04900000000000002,0.048,0.050000000000000044,0.99192,0.0061255399996298365,0.004121142888574728
s057,MLP,100,250,31,0.06499999999999997,0.06,0.06999999999999995,0.98312,0.23102483999973628,0.00464885713881813
s057,OneClassSVM,100,250,31,0.131,0.132,0.13,0.9296,0.0005609400002867914,0.004948285745090938
s057,ProfileMatcher_GP,100,250,31,0.09599999999999999,0.092,0.09999999999999998,0.9748800000000001,0.0,10.421900571610811
